Border,Date,Measure,Value,Average
US-Canada Border,06/01/2019 12:00:00 AM,Rail Containers Full,1880,0
US-Canada Border,06/01/2019 12:00:00 AM,Bus Passengers,202,0
US-Canada Border,06/01/2019 12:00:00 AM,Train Passengers,110,0
US-Canada Border,06/01/2019 12:00:00 AM,Trains,55,0
US-Canada Border,06/01/2019 12:00:00 AM,Buses,7,0
US-Canada Border,11/01/2018 12:00:00 AM,Truck Containers Empty,736,240
US-Mexico Border,11/01/2018 12:00:00 AM,Trains,370,0
US-Mexico Border,08/01/2018 12:00:00 AM,Truck Containers Empty,3521,0
US-Canada Border,08/01/2018 12:00:00 AM,Truck Containers Empty,240,0